{"is_source_file": true, "format": "JavaScript", "description": "This file sets up the entry point for a React application, rendering the main App component into the DOM.", "external_files": ["./App", "./index.css"], "external_methods": ["ReactDOM.createRoot", "root.render"], "published": [], "classes": [], "methods": [{"name": "ReactDOM.createRoot", "description": "Creates a React root for rendering the React component tree."}, {"name": "root.render", "description": "Renders the React element into the root DOM node."}], "calls": ["ReactDOM.createRoot", "root.render"], "search-terms": ["ReactDOM", "React.StrictMode", "index.js", "React", "rendering", "main entry"], "state": 2, "file_id": 2, "knowledge_revision": 24, "git_revision": "00676bad71b87fb5dac8dab3f57758fa4677bbc1", "ctags": [{"_type": "tag", "name": "root", "path": "/home/kavia/workspace/code-generation/simple-notes-manager-216461-216472/notes_frontend/src/index.js", "pattern": "/^const root = ReactDOM.createRoot(document.getElementById('root'));$/", "language": "JavaScript", "kind": "constant"}], "hash": "9fc5841375336fc175b49f8767a11383", "format-version": 4, "code-base-name": "notes_frontend", "filename": "notes_frontend/src/index.js", "revision_history": [{"24": "00676bad71b87fb5dac8dab3f57758fa4677bbc1"}]}